{"cameraMode":{"drawMode":0,"name":"Shaded","section":"Shading Mode"},"sceneLighting":true,"audioPlay":false,"sceneViewState":{"showFog":true,"showMaterialUpdate":true,"showSkybox":true,"showFlares":true,"showImageEffects":true,"showParticleSystems":true},"in2DMode":false,"pivot":{"x":-0.9248185157775879,"y":1.1364178657531739,"z":0.19116783142089845},"rotation":{"x":-0.08638564497232437,"y":0.9134078025817871,"z":-0.27089163661003115,"w":-0.291279673576355},"size":6.607396125793457,"orthographic":false}