{"cameraMode":{"drawMode":0,"name":"Shaded","section":"Shading Mode"},"sceneLighting":false,"audioPlay":false,"sceneViewState":{"showFog":true,"showMaterialUpdate":false,"showSkybox":false,"showFlares":true,"showImageEffects":true,"showParticleSystems":true},"in2DMode":false,"pivot":{"x":-0.3663797378540039,"y":6.26292085647583,"z":0.33405399322509768},"rotation":{"x":0.10749167948961258,"y":-0.8637462854385376,"z":0.2081068754196167,"w":0.4463289976119995},"size":7.988314151763916,"orthographic":false}